<?xml version="1.0" encoding="UTF-8"?>
<appengine-web-app xmlns="http://appengine.google.com/ns/1.0"
xmlns:xsi='http://www.w3.org/2001/XMLSchema-instance'
xsi:schemaLocation='http://kenai.com/projects/nbappengine/downloads/download/schema/appengine-web.xsd appengine-web.xsd'>
    <application>practical-block-194516</application>
    <version>1</version>
    <!--    <ssl-enabled>false</ssl-enabled>
    <sessions-enabled>true</sessions-enabled>
    -->
    <threadsafe>false</threadsafe>
</appengine-web-app>
